source_name,source_key,player_id,note
nba_stats,1642380,balad01,NBA: Adama Bal / BBRef: Adama-Alpha Bal
nba_stats,1641842,hollaro01,NBA: Ronald Holland II / BBRef: Ron Holland
nba_stats,1630286,scotttr01,NBA: Trevon Scott / BBRef: Tre Scott
nba_stats,1629244,reynoca01,NBA: Cam Reynolds / BBRef: Cameron Reynolds
nba_stats,1642385,cuiyo01,NBA: Cui Cui / BBRef: Cui Yongxi
nba_stats,1630562,hurtma01,NBA: Matt Hurt / BBRef: Matthew Hurt
nba_stats,1628249,creekmi01,NBA: Mitchell Creek / BBRef: Mitch Creek
nba_stats,1629053,edwarvi01,NBA: Vincent Edwards / BBRef: Vince Edwards
nba_stats,1626205,huntevi01,NBA: Vincent Hunter / BBRef: Vince Hunter
